City_ID,City,Lat,Lng,Max Temp,Humidity,Cloudiness,Wind Speed,Country,Date
0,Severo-Kurilsk,50.6789,156.125,25.23,82,27,6.49,RU,2022-01-07 22:19:10
1,Vilyuysk,63.7553,121.6247,-21.66,94,97,2.06,RU,2022-01-07 22:19:11
2,Bredasdorp,-34.5322,20.0403,69.28,88,99,17.27,ZA,2022-01-07 22:19:11
3,Kaeo,-35.1,173.7833,72.63,65,46,6.89,NZ,2022-01-07 22:19:11
4,Pendleton,45.6721,-118.7886,48.09,60,40,10.0,US,2022-01-07 22:18:35
5,Bluff,-46.6,168.3333,61.81,76,95,3.62,NZ,2022-01-07 22:19:12
6,Vaini,-21.2,-175.2,80.76,89,75,9.22,TO,2022-01-07 22:19:12
7,Hobart,-42.8794,147.3294,61.05,88,75,10.36,AU,2022-01-07 22:19:12
8,Sao Joao Da Barra,-21.6403,-41.0511,73.06,95,100,5.35,BR,2022-01-07 22:19:13
9,Abu Samrah,35.3029,37.1841,50.16,68,0,2.93,SY,2022-01-07 22:19:13
10,Nikolskoye,59.7035,30.7861,9.81,98,82,4.61,RU,2022-01-07 22:19:13
11,Ilulissat,69.2167,-51.1,3.33,93,100,1.92,GL,2022-01-07 22:19:14
12,Tasiilaq,65.6145,-37.6368,32.16,93,100,25.39,GL,2022-01-07 22:19:14
13,East London,-33.0153,27.9116,71.44,91,99,12.64,ZA,2022-01-07 22:19:14
14,Kedrovyy,56.1667,91.8167,-14.13,100,58,4.07,RU,2022-01-07 22:19:15
15,Katsuura,35.1333,140.3,40.19,55,99,7.47,JP,2022-01-07 22:19:15
16,Atuona,-9.8,-139.0333,78.46,68,33,16.64,PF,2022-01-07 22:19:15
17,Salalah,17.0151,54.0924,66.29,39,0,5.75,OM,2022-01-07 22:19:16
18,Saint-Philippe,-21.3585,55.7679,75.22,83,100,5.39,RE,2022-01-07 22:19:16
19,Sawtell,-30.3833,153.1,77.18,78,100,9.71,AU,2022-01-07 22:19:17
20,Port Alfred,-33.5906,26.891,71.15,90,96,20.45,ZA,2022-01-07 22:19:17
21,Jamestown,42.097,-79.2353,20.79,90,100,7.0,US,2022-01-07 22:19:17
22,Albany,42.6001,-73.9662,26.1,67,55,1.01,US,2022-01-07 22:19:18
23,Baikunthpur,23.25,82.55,55.9,67,1,4.54,IN,2022-01-07 22:19:18
24,Rikitea,-23.1203,-134.9692,77.18,77,93,17.52,PF,2022-01-07 22:19:18
25,Varzea Da Palma,-17.5981,-44.7308,69.44,98,100,0.54,BR,2022-01-07 22:19:19
26,Yulara,-25.2406,130.9889,75.04,22,0,11.5,AU,2022-01-07 22:19:19
27,Nome,64.5011,-165.4064,19.47,45,0,6.67,US,2022-01-07 22:19:19
28,Hermanus,-34.4187,19.2345,69.8,81,83,20.33,ZA,2022-01-07 22:19:20
29,Castro,-24.7911,-50.0119,64.04,80,100,8.75,BR,2022-01-07 22:19:20
30,Georgetown,5.4112,100.3354,80.53,83,20,2.3,MY,2022-01-07 22:19:20
31,Mataura,-46.1927,168.8643,61.48,55,98,1.99,NZ,2022-01-07 22:19:21
32,Piacabucu,-10.4056,-36.4344,80.31,81,100,16.04,BR,2022-01-07 22:19:21
33,Avarua,-21.2078,-159.775,84.25,79,20,9.22,CK,2022-01-07 22:19:21
34,Barrow,71.2906,-156.7887,-11.18,77,0,8.05,US,2022-01-07 22:19:22
35,Jiuquan,39.7432,98.5174,22.26,44,92,1.9,CN,2022-01-07 22:19:22
36,Olinda,-8.0089,-34.8553,82.13,74,40,8.05,BR,2022-01-07 22:19:23
37,Najran,17.4924,44.1277,52.45,40,14,1.95,SA,2022-01-07 22:19:23
38,Grindavik,63.8424,-22.4338,36.07,87,75,35.68,IS,2022-01-07 22:19:24
39,Matara,5.9485,80.5353,73.83,92,63,6.08,LK,2022-01-07 22:19:24
40,Pangnirtung,66.1451,-65.7125,-19.21,97,100,2.98,CA,2022-01-07 22:19:24
41,Hofn,64.2539,-15.2082,40.62,66,99,20.15,IS,2022-01-07 22:19:25
42,Kedougou,12.5579,-12.1743,80.33,17,1,1.36,SN,2022-01-07 22:19:25
43,Cockburn Town,21.4612,-71.1419,78.55,65,2,15.23,TC,2022-01-07 22:19:25
44,Alice Springs,-23.7,133.8833,74.75,23,0,8.05,AU,2022-01-07 22:19:26
45,Padang,-0.9492,100.3543,75.25,88,75,4.29,ID,2022-01-07 22:19:26
46,Chuy,-33.6971,-53.4616,70.93,59,66,11.12,UY,2022-01-07 22:20:26
47,Kavaratti,10.5669,72.642,79.0,68,3,2.48,IN,2022-01-07 22:20:27
48,Santa Catalina,9.3337,122.8637,75.34,89,37,5.97,PH,2022-01-07 22:20:27
49,Punta Arenas,-53.15,-70.9167,51.91,82,100,18.41,CL,2022-01-07 22:20:27
50,Karratha,-20.7377,116.8463,82.44,79,77,7.92,AU,2022-01-07 22:20:28
51,Mahebourg,-20.4081,57.7,77.29,88,75,3.44,MU,2022-01-07 22:20:28
52,Asfi,32.2994,-9.2372,55.38,80,16,18.41,MA,2022-01-07 22:20:29
53,Qaanaaq,77.484,-69.3632,6.03,71,100,5.48,GL,2022-01-07 22:20:29
54,Arman,59.7,150.1667,4.73,82,37,12.06,RU,2022-01-07 22:20:29
55,Arraial Do Cabo,-22.9661,-42.0278,73.26,100,100,5.75,BR,2022-01-07 22:20:30
56,Keuruu,62.2667,24.7,19.58,100,78,2.59,FI,2022-01-07 22:20:30
57,Copacabana,6.3463,-75.5089,68.74,94,100,2.3,CO,2022-01-07 22:20:30
58,Mantua,45.1667,10.7833,36.82,86,98,1.74,IT,2022-01-07 22:20:31
59,Ribeira Grande,38.5167,-28.7,59.81,59,66,6.4,PT,2022-01-07 22:20:31
60,Christchurch,-43.5333,172.6333,66.33,69,75,1.01,NZ,2022-01-07 22:17:09
61,Khatanga,71.9667,102.5,-24.0,100,60,5.84,RU,2022-01-07 22:20:32
62,Hambantota,6.1241,81.1185,75.72,87,55,12.8,LK,2022-01-07 22:20:32
63,Ushuaia,-54.8,-68.3,53.26,58,100,16.11,AR,2022-01-07 22:20:32
64,Likasi,-10.9814,26.7333,64.65,96,100,2.89,CD,2022-01-07 22:20:32
65,Luderitz,-26.6481,15.1594,61.83,92,0,8.19,NA,2022-01-07 22:20:33
66,Kapaa,22.0752,-159.319,80.19,69,0,1.99,US,2022-01-07 22:20:33
67,Airai,-8.9266,125.4092,60.76,90,90,1.19,TL,2022-01-07 22:20:34
68,Carnarvon,-24.8667,113.6333,75.27,78,75,11.5,AU,2022-01-07 22:20:34
69,Ayr,55.4627,-4.6339,35.58,93,40,8.05,GB,2022-01-07 22:20:34
70,Loiza,18.4313,-65.8802,80.56,78,40,8.05,PR,2022-01-07 22:20:35
71,Awjilah,29.1081,21.2869,60.75,30,71,5.48,LY,2022-01-07 22:20:35
72,Half Moon Bay,37.4636,-122.4286,59.41,87,100,3.0,US,2022-01-07 22:16:51
73,Kudahuvadhoo,2.6708,72.8944,81.3,79,100,12.06,MV,2022-01-07 22:20:36
74,Kyabram,-36.3167,145.05,69.39,71,7,10.92,AU,2022-01-07 22:20:36
75,Dikson,73.5069,80.5464,-11.11,83,100,18.72,RU,2022-01-07 22:20:36
76,Arica,-18.475,-70.3042,74.75,73,0,9.22,CL,2022-01-07 22:16:03
77,Tuktoyaktuk,69.4541,-133.0374,-13.32,97,100,21.43,CA,2022-01-07 22:20:37
78,Provideniya,64.3833,-173.3,14.11,78,16,11.7,RU,2022-01-07 22:20:38
79,Gamba,-2.65,10.0,77.09,89,100,3.58,GA,2022-01-07 22:20:38
80,Sur,22.5667,59.5289,67.62,40,0,15.57,OM,2022-01-07 22:20:39
81,Ahipara,-35.1667,173.1667,74.32,61,21,7.65,NZ,2022-01-07 22:20:39
82,Yellowknife,62.456,-114.3525,-17.1,98,68,7.09,CA,2022-01-07 22:16:43
83,Leiyang,26.4024,112.8591,43.14,95,100,4.34,CN,2022-01-07 22:20:39
84,Tuatapere,-46.1333,167.6833,61.83,59,100,1.43,NZ,2022-01-07 22:20:40
85,Eureka,40.8021,-124.1637,52.75,92,99,5.35,US,2022-01-07 22:20:40
86,Pangai,-19.8,-174.35,86.11,70,40,4.61,TO,2022-01-07 22:20:40
87,Chernyshevskiy,63.0128,112.4714,-28.5,100,66,2.95,RU,2022-01-07 22:20:41
88,Geraldton,-28.7667,114.6,73.81,83,100,13.8,AU,2022-01-07 22:20:41
89,Norman Wells,65.282,-126.8329,-7.02,92,100,19.8,CA,2022-01-07 22:20:42
90,Bethel,41.3712,-73.414,31.5,61,20,8.05,US,2022-01-07 22:16:46
91,Phalaborwa,-23.943,31.1411,74.48,75,100,11.1,ZA,2022-01-07 22:21:42
92,Narsaq,60.9167,-46.05,12.42,78,90,3.09,GL,2022-01-07 22:21:43
93,Yayva,59.3303,57.2641,15.17,97,100,2.04,RU,2022-01-07 22:21:43
94,Nanortalik,60.1432,-45.2371,21.96,78,69,30.06,GL,2022-01-07 22:21:43
95,Pochutla,15.7432,-96.4661,83.25,55,70,7.54,MX,2022-01-07 22:21:44
96,Lakes Entrance,-37.8811,147.981,72.57,80,73,8.14,AU,2022-01-07 22:21:44
97,Faanui,-16.4833,-151.75,81.55,77,33,14.58,PF,2022-01-07 22:21:44
98,San Angelo,31.4638,-100.437,64.11,34,0,1.99,US,2022-01-07 22:21:45
99,Madimba,-10.4,40.3333,80.87,84,92,10.09,TZ,2022-01-07 22:21:45
100,Prachuap Khiri Khan,12.2167,99.75,66.38,77,56,2.95,TH,2022-01-07 22:21:45
101,Kushiro,42.975,144.3747,11.35,72,20,4.61,JP,2022-01-07 22:21:46
102,Camopi,3.1655,-52.3158,71.44,98,100,2.93,GF,2022-01-07 22:21:46
103,Turukhansk,65.8167,87.9833,-0.27,75,100,22.26,RU,2022-01-07 22:21:46
104,Kaitangata,-46.2817,169.8464,62.92,70,92,4.38,NZ,2022-01-07 22:21:47
105,Havoysund,70.9963,24.6622,29.28,65,99,15.28,NO,2022-01-07 22:21:47
106,Porto Torres,40.835,8.3972,50.18,70,78,15.32,IT,2022-01-07 22:21:48
107,Puerto Ayora,-0.7393,-90.3518,80.56,75,90,8.19,EC,2022-01-07 22:17:56
108,Cape Town,-33.9258,18.4232,73.81,66,0,5.01,ZA,2022-01-07 22:21:34
109,Wewak,-3.5534,143.6268,79.14,86,98,8.5,PG,2022-01-07 22:21:48
110,Sorland,67.667,12.6934,31.46,61,16,12.12,NO,2022-01-07 22:21:49
111,Hamilton,39.1834,-84.5333,20.59,72,100,1.99,US,2022-01-07 22:18:50
112,Busselton,-33.65,115.3333,61.09,77,0,9.57,AU,2022-01-07 22:21:49
113,Tigil,57.8,158.6667,-2.9,99,61,2.48,RU,2022-01-07 22:21:50
114,Saldanha,-33.0117,17.9442,75.25,80,21,4.5,ZA,2022-01-07 22:21:50
115,Nicolas Bravo,18.45,-88.9167,81.48,76,84,5.21,MX,2022-01-07 22:21:51
116,Vostok,46.4856,135.8833,-1.12,98,100,3.87,RU,2022-01-07 22:21:51
117,Erdaojiang,41.7764,126.0319,11.43,97,65,1.48,CN,2022-01-07 22:21:51
118,Vila Velha,-20.3297,-40.2925,76.95,97,100,1.99,BR,2022-01-07 22:18:02
119,Taltal,-25.4,-70.4833,69.39,72,62,6.62,CL,2022-01-07 22:21:52
120,Hithadhoo,-0.6,73.0833,81.79,75,92,9.08,MV,2022-01-07 22:21:52
121,Kingsport,36.5484,-82.5618,26.11,64,40,1.01,US,2022-01-07 22:21:38
122,Sipovo,44.2814,17.0839,29.66,92,33,0.92,BA,2022-01-07 22:21:53
123,Stykkisholmur,65.0757,-22.7297,27.09,79,80,15.5,IS,2022-01-07 22:21:53
124,Hasaki,35.7333,140.8333,28.8,53,79,3.65,JP,2022-01-07 22:21:54
125,Margate,51.3813,1.3862,36.75,88,78,20.76,GB,2022-01-07 22:19:11
126,New Norfolk,-42.7826,147.0587,61.92,85,100,1.99,AU,2022-01-07 22:21:54
127,Yeppoon,-23.1333,150.7333,87.58,73,18,6.49,AU,2022-01-07 22:21:54
128,Sosnovo-Ozerskoye,52.5249,111.5418,-4.76,97,73,9.46,RU,2022-01-07 22:21:55
129,Tashtyp,52.7939,89.8983,4.93,99,99,1.36,RU,2022-01-07 22:21:55
130,Huarmey,-10.0681,-78.1522,73.24,79,31,8.9,PE,2022-01-07 22:19:01
131,Sinjar,36.3209,41.8754,46.2,64,45,2.08,IQ,2022-01-07 22:21:56
132,Tessalit,20.1986,1.0114,61.43,19,97,10.04,ML,2022-01-07 22:21:56
133,Cherskiy,68.75,161.3,-3.42,95,100,3.94,RU,2022-01-07 22:21:56
134,Aykhal,66.0,111.5,-31.23,100,93,6.35,RU,2022-01-07 22:21:57
135,Naryan-Mar,67.6713,53.087,3.63,97,100,6.29,RU,2022-01-07 22:21:57
136,Cabo San Lucas,22.8909,-109.9124,79.61,75,20,10.36,MX,2022-01-07 22:20:06
137,Tilichiki,60.4667,166.1,12.85,89,100,9.51,RU,2022-01-07 22:21:58
138,Tanout,14.9709,8.8879,71.53,23,0,7.11,NE,2022-01-07 22:21:58
139,Bonthe,7.5264,-12.505,80.51,79,85,7.72,SL,2022-01-07 22:21:58
140,Praia,14.9215,-23.5087,72.14,73,75,11.5,CV,2022-01-07 22:22:59
141,Vao,-22.6667,167.4833,77.63,77,55,16.75,NC,2022-01-07 22:22:59
142,Kukmor,56.1855,50.8944,25.0,96,100,6.46,RU,2022-01-07 22:23:00
143,Lokoja,7.8024,6.743,86.32,34,12,1.81,NG,2022-01-07 22:23:00
144,Chifeng,42.2683,118.9636,19.4,70,0,5.17,CN,2022-01-07 22:23:00
145,Cuenca,-2.8833,-78.9833,68.13,34,40,10.36,EC,2022-01-07 22:23:01
146,Kingstown,13.1587,-61.2248,78.08,73,75,16.11,VC,2022-01-07 22:23:01
147,Bay-Khaak,51.1667,94.5,-5.94,96,96,0.98,RU,2022-01-07 22:23:01
148,Abnub,27.2696,31.1511,53.82,40,75,2.17,EG,2022-01-07 22:23:02
149,Nouadhibou,20.931,-17.0347,64.99,80,100,18.52,MR,2022-01-07 22:23:02
150,Anadyr,64.75,177.4833,-5.67,100,42,1.97,RU,2022-01-07 22:23:03
151,Coquimbo,-29.9533,-71.3436,64.13,82,20,12.66,CL,2022-01-07 22:23:03
152,Lorengau,-2.0226,147.2712,82.65,72,89,12.33,PG,2022-01-07 22:23:04
153,Santa Maria,-29.6842,-53.8069,78.1,50,0,13.8,BR,2022-01-07 22:23:04
154,Buluang,13.3068,123.3425,72.45,94,19,3.04,PH,2022-01-07 22:23:04
155,Pisco,-13.7,-76.2167,73.45,83,0,6.91,PE,2022-01-07 22:23:05
156,Necochea,-38.5473,-58.7368,85.55,32,15,9.51,AR,2022-01-07 22:23:05
157,Emerald,-23.5333,148.1667,84.34,65,8,10.36,AU,2022-01-07 22:18:26
158,Gao,16.6362,1.637,65.41,16,0,11.23,ML,2022-01-07 22:23:06
159,Lagoa,39.05,-27.9833,58.6,58,100,4.63,PT,2022-01-07 22:23:06
160,Mormugao,15.4,73.8,70.86,83,1,4.61,IN,2022-01-07 22:23:06
161,Ponta Do Sol,32.6667,-17.1,63.72,76,90,13.06,PT,2022-01-07 22:23:07
162,Astana,51.1801,71.446,28.35,93,100,26.84,KZ,2022-01-07 22:23:07
163,Bambanglipuro,-7.95,110.2833,77.16,87,99,3.31,ID,2022-01-07 22:23:07
164,Hwange,-18.3693,26.5019,69.28,93,100,3.65,ZW,2022-01-07 22:22:06
165,San Carlos De Bariloche,-41.1456,-71.3082,82.15,20,20,19.57,AR,2022-01-07 22:23:08
166,Minot,48.2325,-101.2963,8.82,72,100,12.66,US,2022-01-07 22:19:32
167,Sao Jose Da Coroa Grande,-8.8978,-35.1478,80.24,77,35,11.48,BR,2022-01-07 22:23:08
168,Ancud,-41.8697,-73.8203,74.23,75,5,9.89,CL,2022-01-07 22:23:09
169,Kasama,-10.2129,31.1808,62.58,97,86,2.15,ZM,2022-01-07 22:23:09
170,Leningradskiy,69.3833,178.4167,-8.16,99,100,4.9,RU,2022-01-07 22:23:09
171,Kupino,54.3663,77.2981,20.35,94,87,15.43,RU,2022-01-07 22:23:10
172,Ayan,56.45,138.1667,-3.62,78,100,10.6,RU,2022-01-07 22:23:10
173,Liuzhou,24.3126,109.3892,49.95,75,100,6.58,CN,2022-01-07 22:23:10
174,Taga,46.95,24.05,27.3,60,4,2.3,RO,2022-01-07 22:23:11
175,Rocha,-34.4833,-54.3333,71.46,57,70,12.1,UY,2022-01-07 22:23:11
176,Talnakh,69.4865,88.3972,-3.8,93,95,15.97,RU,2022-01-07 22:23:12
177,Doha,25.2867,51.5333,60.78,75,2,5.75,QA,2022-01-07 22:23:12
178,Gornopravdinsk,60.05,69.9,25.29,97,100,4.5,RU,2022-01-07 22:23:12
179,Biharamulo,-2.6319,31.3089,62.19,84,93,2.64,TZ,2022-01-07 22:23:13
180,Paamiut,61.994,-49.6678,22.53,86,100,25.88,GL,2022-01-07 22:23:13
181,San Cristobal,7.7669,-72.225,75.38,45,83,1.03,VE,2022-01-07 22:23:14
182,Vazante,-17.9869,-46.9078,70.75,93,89,1.61,BR,2022-01-07 22:23:14
183,Saskylakh,71.9167,114.0833,-32.64,100,43,3.87,RU,2022-01-07 22:23:14
184,Ambon,-3.6954,128.1814,77.14,94,40,3.44,ID,2022-01-07 22:21:10
185,Kodiak,57.79,-152.4072,29.71,69,0,16.11,US,2022-01-07 22:24:15
186,Tinskoy,56.1525,96.9161,-14.31,100,67,2.98,RU,2022-01-07 22:24:15
187,Thompson,55.7435,-97.8558,-11.72,94,97,5.06,CA,2022-01-07 22:24:15
188,Qujing,25.4833,103.7833,41.0,96,11,2.26,CN,2022-01-07 22:24:16
189,Bathsheba,13.2167,-59.5167,79.41,73,40,19.57,BB,2022-01-07 22:24:16
190,Longyearbyen,78.2186,15.6401,1.24,66,0,13.8,SJ,2022-01-07 22:24:16
191,Ventspils,57.3894,21.5606,31.93,93,100,5.75,LV,2022-01-07 22:24:17
192,Guane,22.2025,-84.0875,80.4,50,0,1.7,CU,2022-01-07 22:24:17
193,Naze,28.3667,129.4833,59.92,88,100,2.98,JP,2022-01-07 22:24:18
194,Kajaani,64.2273,27.7285,3.25,85,0,1.14,FI,2022-01-07 22:24:18
195,Pemba,-12.974,40.5178,79.48,83,100,7.61,MZ,2022-01-07 22:24:18
196,Uchiza,-8.4592,-76.4633,86.94,56,30,0.69,PE,2022-01-07 22:24:18
197,Kahuta,33.5913,73.3868,46.85,93,100,14.92,PK,2022-01-07 22:24:19
198,Hami,42.8,93.45,23.43,43,6,1.23,CN,2022-01-07 22:24:19
199,Holovyne,50.4712,28.8253,26.78,63,58,6.42,UA,2022-01-07 22:22:15
200,Port Elizabeth,-33.918,25.5701,71.1,94,100,12.66,ZA,2022-01-07 22:22:59
201,Pospelikha,51.95,81.7667,7.95,92,17,7.52,RU,2022-01-07 22:24:20
202,Manokwari,-0.8667,134.0833,77.76,76,89,3.76,ID,2022-01-07 22:24:20
203,Butaritari,3.0707,172.7902,80.98,82,100,18.81,KI,2022-01-07 22:24:21
204,Bucerias,20.75,-105.3333,77.99,69,40,11.5,MX,2022-01-07 22:24:21
205,Clyde River,70.4692,-68.5914,-13.23,80,100,3.85,CA,2022-01-07 22:24:21
206,San Patricio,28.017,-97.5169,51.89,66,100,9.51,US,2022-01-07 22:24:22
207,Sitka,57.0531,-135.33,26.49,43,75,5.75,US,2022-01-07 22:24:22
208,Aginskoye,51.1,114.53,5.65,88,34,9.48,RU,2022-01-07 22:24:22
209,Gat,31.61,34.7642,56.39,66,0,2.44,IL,2022-01-07 22:24:23
210,Athabasca,54.7169,-113.2854,-6.36,92,100,7.96,CA,2022-01-07 22:24:23
211,La Ronge,55.1001,-105.2842,-8.52,91,100,5.73,CA,2022-01-07 22:24:24
212,Taksimo,56.3444,114.8794,-0.89,95,100,2.68,RU,2022-01-07 22:24:24
213,Fergus Falls,46.283,-96.0776,0.66,75,0,1.99,US,2022-01-07 22:24:24
214,Saint-Joseph,-21.3667,55.6167,74.21,84,100,3.78,RE,2022-01-07 22:24:25
215,Yichang,30.7144,111.2847,41.27,85,97,2.04,CN,2022-01-07 22:24:25
216,Metapan,14.3333,-89.45,90.16,52,71,4.59,SV,2022-01-07 22:24:26
217,Itarema,-2.9248,-39.9167,80.4,78,56,15.1,BR,2022-01-07 22:24:26
218,Charters Towers,-20.1,146.2667,84.92,62,19,13.2,AU,2022-01-07 22:24:26
219,Luau,-10.7073,22.2247,65.08,94,68,2.17,AO,2022-01-07 22:24:27
220,Zabol,32.25,67.25,32.77,89,100,13.58,AF,2022-01-07 22:24:27
221,Tripoli,32.8752,13.1875,53.65,62,88,20.4,LY,2022-01-07 22:24:27
222,Vanimo,-2.6741,141.3028,77.83,89,100,6.91,PG,2022-01-07 22:24:28
223,Camapua,-19.5314,-54.0439,81.52,70,19,3.2,BR,2022-01-07 22:24:28
224,Port Hardy,50.6996,-127.4199,36.75,74,91,8.93,CA,2022-01-07 22:24:29
225,Hilo,19.7297,-155.09,82.11,69,20,10.36,US,2022-01-07 22:23:14
226,Samarai,-10.6167,150.6667,80.89,80,100,12.59,PG,2022-01-07 22:24:29
227,Husavik,66.0449,-17.3389,21.11,73,1,14.58,IS,2022-01-07 22:24:29
228,Klaksvik,62.2266,-6.589,31.12,70,10,6.49,FO,2022-01-07 22:24:30
229,Soe,-9.8607,124.284,65.95,92,75,3.27,ID,2022-01-07 22:24:30
230,Cidreira,-30.1811,-50.2056,71.13,68,8,17.05,BR,2022-01-07 22:24:30
231,Xai-Xai,-25.0519,33.6442,75.72,73,77,8.97,MZ,2022-01-07 22:24:31
232,Port Lincoln,-34.7333,135.8667,62.11,77,100,11.45,AU,2022-01-07 22:25:31
233,Benguela,-12.5763,13.4055,77.68,76,87,6.24,AO,2022-01-07 22:25:32
234,Port Macquarie,-31.4333,152.9167,80.89,79,78,13.38,AU,2022-01-07 22:22:45
235,Karlovac,45.4872,15.5478,31.14,71,0,1.34,HR,2022-01-07 22:25:32
236,Palmer,42.1584,-72.3287,29.62,68,75,3.0,US,2022-01-07 22:25:32
237,Burlington,39.8835,-74.6413,29.08,57,0,14.97,US,2022-01-07 22:25:33
238,Natal,-5.795,-35.2094,83.05,83,20,8.05,BR,2022-01-07 22:25:33
239,Matamoros,25.5333,-103.25,78.91,16,20,9.22,MX,2022-01-07 22:21:59
240,Sholokhove,47.6945,34.0312,28.85,66,0,4.92,UA,2022-01-07 22:25:34
241,Buala,-8.145,159.5921,78.98,86,94,7.87,SB,2022-01-07 22:25:34
242,Upernavik,72.7868,-56.1549,1.63,98,99,6.22,GL,2022-01-07 22:25:34
243,Severnoye,56.3491,78.3619,14.68,92,93,14.23,RU,2022-01-07 22:25:35
244,Mount Isa,-20.7333,139.5,82.17,18,0,14.97,AU,2022-01-07 22:25:35
245,Havre-Saint-Pierre,50.2334,-63.5986,12.81,68,100,16.28,CA,2022-01-07 22:25:35
246,Lazaro Cardenas,17.9583,-102.2,80.42,61,0,7.92,MX,2022-01-07 22:25:36
247,Pedra Branca,-5.4542,-39.7172,76.69,69,83,2.71,BR,2022-01-07 22:25:36
248,Iwanai,42.9744,140.5089,27.52,77,100,8.86,JP,2022-01-07 22:25:36
249,Portland,45.5234,-122.6762,48.56,76,75,4.0,US,2022-01-07 22:24:36
250,Tahe,52.3333,124.7333,-14.39,100,60,3.78,CN,2022-01-07 22:25:37
251,Te Anau,-45.4167,167.7167,65.75,55,98,3.49,NZ,2022-01-07 22:25:38
252,Pathein,16.7833,94.7333,67.66,88,17,3.96,MM,2022-01-07 22:25:38
253,Maltahohe,-24.8333,16.9833,73.72,25,0,6.22,NA,2022-01-07 22:25:38
254,Mar Del Plata,-38.0023,-57.5575,78.82,57,0,13.8,AR,2022-01-07 22:23:32
255,Kangaatsiaq,68.3065,-53.4641,19.53,91,100,6.35,GL,2022-01-07 22:25:39
256,Mangan,27.5167,88.5333,54.16,54,18,6.44,IN,2022-01-07 22:25:39
257,Grand Gaube,-20.0064,57.6608,77.4,89,99,5.01,MU,2022-01-07 22:25:40
258,Ostrovnoy,68.0531,39.5131,23.16,67,100,14.16,RU,2022-01-07 22:25:40
259,Flin Flon,54.7682,-101.865,-10.43,92,100,5.73,CA,2022-01-07 22:25:40
260,Vuktyl,63.8567,57.3094,12.24,93,100,9.24,RU,2022-01-07 22:25:41
261,Uyuni,-20.4597,-66.825,50.47,74,98,17.43,BO,2022-01-07 22:25:41
262,Ati,13.2154,18.3353,77.2,19,4,10.49,TD,2022-01-07 22:25:41
263,Torbay,47.6666,-52.7314,31.39,84,100,4.0,CA,2022-01-07 22:25:42
264,Muros,42.7762,-9.0603,49.98,94,83,4.12,ES,2022-01-07 22:25:42
265,Burnie,-41.0667,145.9167,65.23,82,34,2.44,AU,2022-01-07 22:25:42
266,Dhupgari,26.5858,89.0145,60.39,61,1,2.73,IN,2022-01-07 22:25:43
267,Marsh Harbour,26.5412,-77.0636,76.17,72,79,10.02,BS,2022-01-07 22:25:43
268,Lebu,-37.6167,-73.65,63.0,78,0,20.71,CL,2022-01-07 22:25:44
269,Marienburg,54.0359,19.0266,36.95,78,100,13.58,PL,2022-01-07 22:25:44
270,Salinas,36.6777,-121.6555,58.06,75,100,5.75,US,2022-01-07 22:25:25
271,Caravelas,-17.7125,-39.2481,75.85,92,100,4.83,BR,2022-01-07 22:25:45
272,Denpasar,-8.65,115.2167,76.71,94,75,4.61,ID,2022-01-07 22:25:45
273,Bambous Virieux,-20.3428,57.7575,77.25,88,75,3.44,MU,2022-01-07 22:25:46
274,Kampong Cham,11.9934,105.4635,69.85,72,8,5.79,KH,2022-01-07 22:25:46
275,Kruisfontein,-34.0033,24.7314,67.89,95,100,12.06,ZA,2022-01-07 22:25:46
276,Seoul,37.5683,126.9778,17.17,86,3,2.3,KR,2022-01-07 22:23:12
277,Saint George,37.1041,-113.5841,62.64,43,0,4.0,US,2022-01-07 22:23:16
278,Villa Carlos Paz,-31.4241,-64.4978,85.39,16,96,4.0,AR,2022-01-07 22:26:47
279,Port Moresby,-9.4431,147.1797,72.82,100,100,17.27,PG,2022-01-07 22:25:16
280,Hibbing,47.4272,-92.9377,-0.15,65,0,4.61,US,2022-01-07 22:26:48
281,Chokurdakh,70.6333,147.9167,-4.02,92,100,8.55,RU,2022-01-07 22:26:48
282,Jian,27.1172,114.9793,46.71,79,100,5.14,CN,2022-01-07 22:26:48
283,Roebourne,-20.7833,117.1333,83.39,75,81,7.16,AU,2022-01-07 22:26:48
284,Imeni Morozova,59.9757,31.0376,9.95,1,44,6.82,RU,2022-01-07 22:26:49
285,Almaznyy,48.0448,40.045,24.94,81,9,9.93,RU,2022-01-07 22:26:49
286,Luanda,-8.8368,13.2343,77.0,83,40,6.91,AO,2022-01-07 22:26:50
287,Yar-Sale,66.8333,70.8333,8.51,95,100,8.97,RU,2022-01-07 22:26:50
288,Marapanim,-0.7175,-47.6997,74.97,94,91,3.83,BR,2022-01-07 22:26:50
289,Souillac,-20.5167,57.5167,77.38,88,75,3.44,MU,2022-01-07 22:26:51
290,Oktyabrskoye,43.0645,44.7417,35.74,93,100,6.71,RU,2022-01-07 22:26:51
291,Santo Antonio Do Ica,-3.1022,-67.9397,75.04,96,100,0.43,BR,2022-01-07 22:26:51
292,Kommunisticheskiy,61.6789,64.4819,-6.97,99,89,3.49,RU,2022-01-07 22:26:52
293,Tiksi,71.6872,128.8694,-19.41,90,100,3.6,RU,2022-01-07 22:26:52
294,Lata,40.1629,-8.3327,49.82,86,0,3.56,PT,2022-01-07 22:26:52
295,Giubiasco,46.1725,9.0079,37.83,89,100,0.0,CH,2022-01-07 22:26:53
296,Dali,25.7,100.1833,40.51,85,2,4.03,CN,2022-01-07 22:26:53
297,Valkla,59.4744,25.3186,16.05,94,18,5.03,EE,2022-01-07 22:26:53
298,Oksfjord,70.2396,22.3479,29.32,92,73,10.54,NO,2022-01-07 22:26:54
299,Tuy Hoa,13.0833,109.3,68.41,90,53,4.94,VN,2022-01-07 22:26:54
300,Kerema,-7.9631,145.7785,76.86,88,100,5.75,PG,2022-01-07 22:26:55
301,Newton,42.337,-71.2092,30.83,83,100,3.0,US,2022-01-07 22:26:55
302,Ucluelet,48.9329,-125.5528,41.09,67,76,4.0,CA,2022-01-07 22:26:56
303,Alofi,-19.0595,-169.9187,84.09,79,22,9.22,NU,2022-01-07 22:26:56
304,Cascais,38.6979,-9.4215,53.51,69,0,3.0,PT,2022-01-07 22:26:56
305,Rancho San Diego,32.7473,-116.9353,70.66,72,0,5.99,US,2022-01-07 22:26:57
306,Mae Hong Son,19.3003,97.9685,59.94,74,50,1.41,TH,2022-01-07 22:26:57
307,Biloela,-24.4167,150.5,81.91,68,12,8.93,AU,2022-01-07 22:26:57
308,Koumac,-20.5667,164.2833,82.04,70,97,4.41,NC,2022-01-07 22:26:58
309,Roma,43.2128,-75.4557,19.96,83,100,1.01,US,2022-01-07 22:26:58
310,Hearst,49.6835,-83.6665,-5.96,97,100,2.17,CA,2022-01-07 22:26:58
311,Mareeba,-17.0,145.4333,81.48,87,11,2.1,AU,2022-01-07 22:26:59
312,Adre,13.4667,22.2,74.53,24,10,6.04,TD,2022-01-07 22:26:59
313,Porto Seguro,-16.4497,-39.0647,81.12,83,0,9.22,BR,2022-01-07 22:26:59
314,Beysehir,37.6773,31.7246,42.35,84,87,4.5,TR,2022-01-07 22:27:00
315,Ormara,25.2088,64.6357,62.47,48,0,18.43,PK,2022-01-07 22:24:03
316,Inhambane,-23.865,35.3833,78.12,69,97,12.33,MZ,2022-01-07 22:27:00
317,Jyvaskyla,62.2415,25.7209,19.76,86,100,9.22,FI,2022-01-07 22:27:01
318,Rengo,-34.4167,-70.8667,92.23,16,0,10.54,CL,2022-01-07 22:27:01
319,Kodinar,20.7903,70.7031,65.59,86,2,11.95,IN,2022-01-07 22:27:01
320,Luganville,-15.5333,167.1667,84.18,69,99,2.28,VU,2022-01-07 22:27:02
321,Elizabeth City,36.2946,-76.2511,38.01,56,0,4.0,US,2022-01-07 22:27:02
322,Cheyenne,41.14,-104.8203,48.52,31,0,5.75,US,2022-01-07 22:27:02
323,Sakakah,29.9697,40.2064,51.37,42,0,5.91,SA,2022-01-07 22:27:03
324,Zhigansk,66.7697,123.3711,-39.24,100,77,0.85,RU,2022-01-07 22:28:03
325,Lompoc,34.6391,-120.4579,60.12,77,20,9.22,US,2022-01-07 22:28:04
326,Dhrangadhra,22.9833,71.4667,62.94,75,0,9.62,IN,2022-01-07 22:28:04
327,Ryotsu,38.0833,138.4333,35.56,65,97,9.48,JP,2022-01-07 22:28:04
328,Victoria,22.2855,114.1577,63.32,82,66,8.01,HK,2022-01-07 22:26:50
329,Kavieng,-2.5744,150.7967,82.76,73,99,10.67,PG,2022-01-07 22:28:05
330,Sirsi,14.6167,74.85,60.62,91,0,1.61,IN,2022-01-07 22:28:05
331,Iqaluit,63.7506,-68.5145,-20.42,92,100,2.15,CA,2022-01-07 22:28:06
332,Rosetta,31.4044,30.4164,53.42,87,0,6.64,EG,2022-01-07 22:28:06
333,Torgau,51.5667,13.0,38.48,82,99,11.92,DE,2022-01-07 22:28:06
334,Esperance,-33.8667,121.9,58.84,78,75,13.96,AU,2022-01-07 22:28:07
335,Namtsy,62.7161,129.6658,-41.69,100,93,1.41,RU,2022-01-07 22:28:07
336,Dudinka,69.4058,86.1778,-3.39,73,100,26.98,RU,2022-01-07 22:28:07
337,Bideford,51.0179,-4.2046,48.96,82,98,11.72,GB,2022-01-07 22:28:08
338,Hovd,48.0056,91.6419,4.32,87,100,0.6,MN,2022-01-07 22:28:08
339,Juba,4.8517,31.5825,78.84,51,42,3.31,SS,2022-01-07 22:28:09
340,Vila Franca Do Campo,37.7167,-25.4333,59.2,70,62,5.23,PT,2022-01-07 22:28:09
341,Okhotsk,59.3833,143.3,10.67,82,100,9.62,RU,2022-01-07 22:28:09
342,Naifaru,5.4444,73.3657,81.23,75,25,9.89,MV,2022-01-07 22:28:10
343,Constitucion,-35.3333,-72.4167,69.51,63,15,13.78,CL,2022-01-07 22:28:10
344,Kalmunai,7.4167,81.8167,76.75,84,75,6.93,LK,2022-01-07 22:28:11
345,Surgut,61.25,73.4167,24.98,100,100,7.0,RU,2022-01-07 22:27:47
346,Beroroha,-21.6667,45.1667,77.47,76,63,1.16,MG,2022-01-07 22:28:11
347,Rio Grande,-32.035,-52.0986,70.79,63,23,15.39,BR,2022-01-07 22:26:16
348,Alassio,44.0039,8.1671,48.49,64,20,5.75,IT,2022-01-07 22:28:12
349,Marathon,44.9,-89.7668,9.93,61,0,6.91,US,2022-01-07 22:25:47
350,Ponta Delgada,37.7333,-25.6667,59.5,62,75,5.75,PT,2022-01-07 22:28:12
351,Fortuna,40.5982,-124.1573,53.19,89,100,1.99,US,2022-01-07 22:28:13
352,Tevaitoa,-16.7833,-151.5,81.84,77,55,12.64,PF,2022-01-07 22:28:13
353,George Town,5.4112,100.3354,80.53,83,20,2.3,MY,2022-01-07 22:25:08
354,Oistins,13.0667,-59.5333,78.89,73,40,19.57,BB,2022-01-07 22:28:13
355,Sturgis,41.7992,-85.4192,19.24,79,100,10.36,US,2022-01-07 22:23:52
356,Petropavlovsk-Kamchatskiy,53.0452,158.6483,14.59,67,75,4.47,RU,2022-01-07 22:28:14
357,Olafsvik,64.8945,-23.7142,36.34,68,93,21.99,IS,2022-01-07 22:28:14
358,San Roque,36.2107,-5.3842,52.63,82,0,6.91,ES,2022-01-07 22:28:15
359,Cairns,-16.9167,145.7667,86.11,79,28,2.3,AU,2022-01-07 22:27:00
360,Salinopolis,-0.6136,-47.3561,77.74,87,84,8.61,BR,2022-01-07 22:28:15
361,Ardakan,32.31,54.0175,39.58,31,0,4.7,IR,2022-01-07 22:28:16
362,Kjollefjord,70.9457,27.3465,28.45,86,20,12.66,NO,2022-01-07 22:28:16
363,Udachnyy,66.4167,112.4,-35.79,100,87,5.08,RU,2022-01-07 22:28:16
364,Sao Filipe,14.8961,-24.4956,73.51,70,87,7.31,CV,2022-01-07 22:28:17
365,Toronto,43.7001,-79.4163,20.16,64,100,3.0,CA,2022-01-07 22:24:07
366,Whitehorse,60.7161,-135.0538,-9.81,99,100,4.34,CA,2022-01-07 22:27:31
367,Vedasandur,10.5333,77.95,69.3,96,14,4.12,IN,2022-01-07 22:28:17
368,Oranjemund,-28.55,16.4333,62.56,93,0,1.7,NA,2022-01-07 22:28:17
369,Odda,60.0691,6.5457,22.59,90,80,7.09,NO,2022-01-07 22:28:18
370,Antofagasta,-23.65,-70.4,67.28,73,86,6.8,CL,2022-01-07 22:28:18
371,Guerrero Negro,27.9769,-114.0611,68.67,49,80,5.73,MX,2022-01-07 22:28:19
372,Opunake,-39.4556,173.8583,74.34,56,21,8.5,NZ,2022-01-07 22:29:19
373,Labuhan,-6.8844,112.2051,76.73,82,99,8.01,ID,2022-01-07 22:29:19
374,Chauk,20.8833,94.8167,64.47,60,33,4.92,MM,2022-01-07 22:29:20
375,Nemuro,43.3236,145.575,21.72,70,48,8.66,JP,2022-01-07 22:29:20
376,Menongue,-14.6585,17.691,64.06,86,100,3.42,AO,2022-01-07 22:29:15
377,Shenjiamen,29.9576,122.298,46.9,71,98,11.21,CN,2022-01-07 22:29:21
378,Dukuhturi,-6.9,109.0833,77.83,83,99,3.76,ID,2022-01-07 22:29:21
379,Guanica,17.9716,-66.908,81.21,75,0,5.99,PR,2022-01-07 22:29:22
380,Komsomolskiy,40.4272,71.7189,38.62,93,100,4.61,UZ,2022-01-07 22:29:22
381,Floriano,-6.7669,-43.0225,77.54,88,100,1.21,BR,2022-01-07 22:29:22
382,Barda,40.3744,47.1267,47.25,47,100,1.25,AZ,2022-01-07 22:29:23
383,Kununurra,-15.7667,128.7333,75.18,83,98,6.91,AU,2022-01-07 22:29:23
384,Rio Gallegos,-51.6226,-69.2181,64.45,45,75,33.38,AR,2022-01-07 22:29:23
385,Iskateley,67.6803,53.1512,3.31,97,100,6.26,RU,2022-01-07 22:29:24
386,Sabang,5.8933,95.3214,81.21,78,72,14.34,ID,2022-01-07 22:29:24
387,Sefophe,-22.1833,27.9667,73.33,65,100,6.69,BW,2022-01-07 22:29:25
388,Chivay,-15.6383,-71.6011,50.83,81,88,7.67,PE,2022-01-07 22:29:25
389,Kantunilkin,21.0917,-87.45,80.44,45,5,5.17,MX,2022-01-07 22:29:25
390,Mecca,21.4267,39.8261,73.36,72,62,2.37,SA,2022-01-07 22:27:03
391,College,64.8569,-147.8028,-19.1,74,20,3.44,US,2022-01-07 22:29:26
392,Curup,-3.4667,102.5333,68.11,97,87,2.15,ID,2022-01-07 22:29:26
393,Araouane,18.9048,-3.5265,63.72,16,66,10.22,ML,2022-01-07 22:29:27
394,Port Hawkesbury,45.6169,-61.3485,33.58,98,100,11.01,CA,2022-01-07 22:29:27
395,Boali,4.8005,18.1275,78.67,32,57,1.88,CF,2022-01-07 22:29:28
396,Bintulu,3.1667,113.0333,73.81,94,40,3.44,MY,2022-01-07 22:29:28
397,Fairbanks,64.8378,-147.7164,-19.08,74,40,3.44,US,2022-01-07 22:25:42
398,Lavrentiya,65.5833,-171.0,0.01,83,14,9.93,RU,2022-01-07 22:29:28
399,Tingi,-11.3,35.0333,65.05,84,83,3.4,TZ,2022-01-07 22:29:29
400,Port Blair,11.6667,92.75,78.21,77,97,8.03,IN,2022-01-07 22:29:29
401,Bilma,18.6853,12.9164,66.74,24,0,7.58,NE,2022-01-07 22:29:30
402,Sistranda,63.7256,8.834,30.16,61,100,5.06,NO,2022-01-07 22:29:30
403,Sokoni,-6.4333,39.55,82.22,79,85,12.64,TZ,2022-01-07 22:29:30
404,Sangar,63.9242,127.4739,-39.44,100,93,2.33,RU,2022-01-07 22:29:31
405,Kang,-23.6752,22.7876,75.92,56,2,10.71,BW,2022-01-07 22:29:31
406,Bowen,-20.0167,148.2333,86.22,75,4,8.86,AU,2022-01-07 22:29:31
407,Ankeny,41.7297,-93.6058,14.79,65,0,17.27,US,2022-01-07 22:27:15
408,Henties Bay,-22.116,14.2845,60.85,95,6,4.92,NA,2022-01-07 22:29:32
409,Tecpan,14.7623,-90.9947,65.16,82,89,2.64,GT,2022-01-07 22:29:32
410,Meulaboh,4.1363,96.1285,76.23,91,87,3.22,ID,2022-01-07 22:29:32
411,Makaha,21.4694,-158.2175,80.51,69,0,10.36,US,2022-01-07 22:26:19
412,Inhumas,-16.3578,-49.4961,74.93,97,82,5.08,BR,2022-01-07 22:29:33
413,Codrington,-38.2667,141.9667,60.3,92,100,11.86,AU,2022-01-07 22:29:33
414,Susangerd,31.5608,48.1831,44.62,45,24,4.12,IR,2022-01-07 22:29:34
415,Cap-Aux-Meules,47.3821,-61.8597,28.58,94,100,39.06,CA,2022-01-07 22:29:34
416,Keflavik,64.0049,-22.5624,36.03,87,75,35.68,IS,2022-01-07 22:29:34
417,Novyy Urengoy,66.0833,76.6333,11.97,93,100,22.97,RU,2022-01-07 22:29:35
418,Ola,59.5833,151.2833,4.96,84,36,10.31,RU,2022-01-07 22:29:35
419,Laureles,26.1092,-97.4941,59.02,64,100,4.0,US,2022-01-07 22:30:35
420,Corleone,37.8134,13.3017,49.37,1,100,7.09,IT,2022-01-07 22:30:36
421,Bandarbeyla,9.4942,50.8122,76.24,67,39,13.89,SO,2022-01-07 22:30:36
422,Kormilovka,55.0026,74.1028,29.95,96,100,18.23,RU,2022-01-07 22:30:36
423,Mitchell,43.7094,-98.0298,24.12,53,0,17.0,US,2022-01-07 22:30:37
424,Palmas Bellas,9.2319,-80.0867,85.91,78,73,10.16,PA,2022-01-07 22:30:37
425,Kuantan,3.8077,103.326,77.11,88,20,4.61,MY,2022-01-07 22:30:37
426,Champua,22.0833,85.6667,59.27,57,1,2.33,IN,2022-01-07 22:30:38
427,Azangaro,-14.9167,-70.2167,41.47,92,98,10.11,PE,2022-01-07 22:30:38
428,Sretensk,52.2453,117.7093,-0.63,99,98,1.12,RU,2022-01-07 22:30:38
429,Praia Da Vitoria,38.7333,-27.0667,59.76,82,75,3.74,PT,2022-01-07 22:30:39
430,Kewanee,41.2456,-89.9248,9.72,93,50,5.26,US,2022-01-07 22:30:39
431,Chlorakas,34.8042,32.4083,58.23,76,4,8.05,CY,2022-01-07 22:30:39
432,Pevek,69.7008,170.3133,-7.11,93,100,1.54,RU,2022-01-07 22:30:40
433,Antalaha,-14.9003,50.2788,73.72,91,100,6.13,MG,2022-01-07 22:30:40
434,Verkhoyansk,67.5447,133.385,-39.15,99,90,2.15,RU,2022-01-07 22:30:41
435,Senanga,-16.1167,23.2667,68.79,94,96,3.89,ZM,2022-01-07 22:30:41
436,Stornoway,58.2093,-6.3865,35.56,88,40,10.36,GB,2022-01-07 22:30:42
437,Aquiraz,-3.9014,-38.3911,83.21,75,46,9.08,BR,2022-01-07 22:30:42
438,San Quintin,30.4833,-115.95,61.23,75,86,8.46,MX,2022-01-07 22:30:42
439,Lufilufi,-13.8745,-171.5986,89.38,70,62,4.23,WS,2022-01-07 22:30:43
440,Mozarlandia,-14.7447,-50.5706,73.98,96,97,6.42,BR,2022-01-07 22:30:43
441,Marshall,34.3834,-86.3333,37.42,60,0,1.99,US,2022-01-07 22:30:35
442,Pacific Grove,36.6177,-121.9166,57.31,84,100,1.01,US,2022-01-07 22:30:44
443,Mogadishu,2.0371,45.3438,77.36,81,20,21.12,SO,2022-01-07 22:30:44
444,Mahajanga,-15.7167,46.3167,82.42,83,20,2.3,MG,2022-01-07 22:30:44
445,Korla,41.7597,86.1469,23.86,61,81,0.6,CN,2022-01-07 22:30:45
446,Sinazongwe,-17.2614,27.4618,74.73,88,100,5.1,ZM,2022-01-07 22:30:45
447,Laguna,38.421,-121.4238,58.46,89,100,1.01,US,2022-01-07 22:30:45
448,West Bay,19.3667,-81.4167,83.07,67,20,1.99,KY,2022-01-07 22:30:46
449,Chegdomyn,51.1167,133.0167,-25.06,100,98,2.19,RU,2022-01-07 22:30:46
450,Saint Anthony,45.0205,-93.218,3.65,72,40,5.01,US,2022-01-07 22:30:46
451,Mawlaik,23.6333,94.4167,57.0,88,14,1.07,MM,2022-01-07 22:30:47
452,Ust-Koksa,50.2696,85.6108,25.61,97,100,2.33,RU,2022-01-07 22:30:47
453,Garowe,8.4054,48.4845,68.23,79,5,11.56,SO,2022-01-07 22:30:48
454,Yaan,7.3833,8.5667,85.71,24,2,2.13,NG,2022-01-07 22:30:48
455,Tautira,-17.7333,-149.15,86.02,73,20,2.17,PF,2022-01-07 22:30:48
456,Tazmalt,36.3868,4.3989,40.39,86,30,3.8,DZ,2022-01-07 22:30:49
457,Kiunga,-6.1219,141.2906,78.35,86,100,2.91,PG,2022-01-07 22:30:49
458,Miles City,46.4083,-105.8406,22.17,73,40,6.91,US,2022-01-07 22:30:50
459,Nadym,65.5333,72.5167,6.55,91,95,15.66,RU,2022-01-07 22:30:50
460,Esna,25.2934,32.554,57.22,27,99,4.74,EG,2022-01-07 22:30:50
461,Miri,4.4148,114.0089,73.54,100,40,3.44,MY,2022-01-07 22:30:51
462,Selikhino,50.3672,137.4996,-17.41,100,99,2.64,RU,2022-01-07 22:30:51
463,Sambava,-14.2667,50.1667,74.75,91,100,3.94,MG,2022-01-07 22:30:51
464,Dingle,10.9995,122.6711,74.5,92,30,6.4,PH,2022-01-07 22:30:52
465,Madhupur,24.25,86.65,60.87,77,0,4.23,IN,2022-01-07 22:30:52
466,Porbandar,21.6422,69.6093,64.83,69,5,11.39,IN,2022-01-07 22:30:52
467,Omsukchan,62.5333,155.8,-6.11,97,100,3.4,RU,2022-01-07 22:30:53
468,Biograd Na Moru,43.9433,15.4519,41.76,62,8,5.21,HR,2022-01-07 22:31:53
469,Muisne,0.6,-80.0333,80.71,83,83,5.19,EC,2022-01-07 22:31:54
470,Deputatskiy,69.3,139.9,-10.64,99,100,2.42,RU,2022-01-07 22:31:54
471,Scarborough,54.2797,-0.4044,34.54,86,3,1.01,GB,2022-01-07 22:31:55
472,Beringovskiy,63.05,179.3167,3.22,96,100,12.26,RU,2022-01-07 22:31:55
473,Virginia Beach,36.8529,-75.978,38.01,51,0,10.36,US,2022-01-07 22:31:55
474,Keita,14.7551,5.7749,67.84,20,12,8.7,NE,2022-01-07 22:31:56
475,Shimoda,34.6667,138.95,44.91,75,100,7.27,JP,2022-01-07 22:31:56
476,Avera,33.194,-82.5271,50.68,41,81,5.79,US,2022-01-07 22:31:56
477,Marsa Matruh,31.3525,27.2453,50.2,87,0,8.05,EG,2022-01-07 22:31:57
478,Rawson,-43.3002,-65.1023,88.48,28,1,19.66,AR,2022-01-07 22:31:57
479,Beloha,-25.1667,45.05,73.18,87,97,13.58,MG,2022-01-07 22:31:58
480,Eirunepe,-6.6603,-69.8736,73.85,97,98,4.79,BR,2022-01-07 22:31:58
481,Vertientes,21.2594,-78.1464,84.81,55,15,10.71,CU,2022-01-07 22:31:59
482,Mazamet,43.49,2.373,47.08,94,100,17.27,FR,2022-01-07 22:31:59
483,Camacha,33.0833,-16.3333,59.76,72,75,21.85,PT,2022-01-07 22:32:00
484,Grenada,37.1882,-3.6067,46.18,81,0,2.3,ES,2022-01-07 22:32:00
485,Coahuayana,18.7333,-103.6833,87.28,58,0,5.7,MX,2022-01-07 22:32:01
486,Bulgan,48.8125,103.5347,4.55,90,93,3.13,MN,2022-01-07 22:32:01
487,Taoudenni,22.6783,-3.9836,64.02,23,4,16.42,ML,2022-01-07 22:32:01
488,Moose Factory,51.2585,-80.6094,-12.86,98,58,3.78,CA,2022-01-07 22:32:02
489,Kenema,7.8767,-11.1875,75.06,87,96,2.44,SL,2022-01-07 22:32:02
490,Pandan,14.0453,124.1694,76.96,86,53,10.76,PH,2022-01-07 22:32:02
491,Aklavik,68.2191,-135.0107,-8.7,89,100,23.22,CA,2022-01-07 22:32:03
492,Tura,25.5198,90.2201,57.29,58,0,3.38,IN,2022-01-07 22:32:03
493,Kungurtug,50.5994,97.5228,-6.34,97,48,1.48,RU,2022-01-07 22:32:03
494,Xam Nua,20.4197,104.0439,55.54,93,74,2.71,LA,2022-01-07 22:32:04
495,Touros,-5.1989,-35.4608,83.3,73,53,11.61,BR,2022-01-07 22:29:51
496,Hun,29.1268,15.9477,49.32,62,54,9.75,LY,2022-01-07 22:32:04
497,Laurel,39.0993,-76.8483,28.76,56,0,4.0,US,2022-01-07 22:29:57
498,Nicoya,10.1483,-85.452,87.35,50,14,9.15,CR,2022-01-07 22:32:05
499,Tual,-5.6667,132.75,83.37,77,96,10.63,ID,2022-01-07 22:32:05
500,Rehoboth,-23.3167,17.0833,72.19,27,19,5.39,NA,2022-01-07 22:32:05
501,Ambilobe,-13.2,49.05,75.51,95,100,0.56,MG,2022-01-07 22:32:06
502,Bonnyville,54.2668,-110.735,-6.88,98,100,4.27,CA,2022-01-07 22:31:40
503,Blois,47.5833,1.3333,48.33,74,99,20.38,FR,2022-01-07 22:32:07
504,Porto Novo,6.4965,2.6036,84.02,78,0,7.56,BJ,2022-01-07 22:29:01
505,Tiarei,-17.5333,-149.3333,86.02,74,20,8.37,PF,2022-01-07 22:32:07
506,Pasvalys,56.0594,24.4036,31.32,90,93,8.81,LT,2022-01-07 22:32:08
507,Dhanwar,24.4167,85.9833,58.69,74,1,1.97,IN,2022-01-07 22:32:08
508,Kichera,55.9375,110.0997,1.09,86,100,5.93,RU,2022-01-07 22:32:08
509,Isangel,-19.55,169.2667,82.51,78,75,9.22,VU,2022-01-07 22:32:09
510,Funtua,11.5233,7.3081,69.49,29,27,7.05,NG,2022-01-07 22:32:09
511,Kochi,9.9399,76.2602,76.98,83,61,2.86,IN,2022-01-07 22:32:09
512,Hammerfest,70.6634,23.6821,28.85,74,40,17.27,NO,2022-01-07 22:32:10
513,Sarangani,5.4033,125.4636,81.27,76,53,5.17,PH,2022-01-07 22:32:10
514,Susanville,40.4163,-120.653,44.44,76,20,11.5,US,2022-01-07 22:27:27
515,San Ramon,37.7799,-121.978,58.53,86,100,5.01,US,2022-01-07 22:33:11
516,Cabedelo,-6.9811,-34.8339,81.27,74,20,11.32,BR,2022-01-07 22:33:11
517,Broome,42.2506,-75.833,23.16,77,100,4.0,US,2022-01-07 22:33:11
518,Aksarka,66.5606,67.7975,-2.79,97,100,9.08,RU,2022-01-07 22:33:12
519,Kubuta,-26.8833,31.4833,68.7,88,95,1.41,SZ,2022-01-07 22:33:12
520,Kribi,2.95,9.9167,79.74,86,48,7.74,CM,2022-01-07 22:33:13
521,Mount Gambier,-37.8333,140.7667,58.91,94,100,12.66,AU,2022-01-07 22:33:13
522,Rimavska Sobota,48.3828,20.0224,23.67,62,0,0.11,SK,2022-01-07 22:33:13
523,Isla Mujeres,21.2311,-86.731,80.65,65,1,7.18,MX,2022-01-07 22:33:14
524,Tourlaville,49.6383,-1.5664,50.59,81,75,10.36,FR,2022-01-07 22:33:14
525,Chiredzi,-21.05,31.6667,74.35,80,98,9.78,ZW,2022-01-07 22:33:14
526,Berdigestyakh,62.0989,126.6992,-44.34,100,61,0.72,RU,2022-01-07 22:33:15
527,Aksu,41.1231,80.2644,24.01,44,100,3.47,CN,2022-01-07 22:33:15
528,Baykit,61.67,96.37,-24.75,98,51,1.25,RU,2022-01-07 22:33:16
529,Griffith,41.5284,-87.4237,13.89,73,0,1.99,US,2022-01-07 22:33:16
530,Teguldet,57.3064,88.1667,-0.44,96,9,5.93,RU,2022-01-07 22:33:16
531,Xuzhou,34.1805,117.1571,34.3,77,11,2.89,CN,2022-01-07 22:33:17
532,Bajil,15.0584,43.2851,78.58,71,57,1.88,YE,2022-01-07 22:33:17
533,Torrington,41.8007,-73.1212,30.04,79,57,7.0,US,2022-01-07 22:33:18
534,Antalya,36.7741,30.7178,55.99,84,75,2.3,TR,2022-01-07 22:32:41
535,Ales,44.1333,4.0833,45.25,75,29,3.27,FR,2022-01-07 22:33:18
536,Skjervoy,70.0311,20.9714,28.53,66,82,12.33,NO,2022-01-07 22:33:18
537,Moron,-34.6534,-58.6198,83.01,65,99,4.0,AR,2022-01-07 22:33:19
538,Lancaster,40.2504,-76.2499,25.02,61,100,11.01,US,2022-01-07 22:33:19
539,Jumla,29.2747,82.1838,34.81,72,76,5.23,NP,2022-01-07 22:33:19
540,Liverpool,53.4106,-2.9779,39.67,90,40,3.0,GB,2022-01-07 22:33:01
541,Vandra,58.6481,25.0361,13.14,97,73,0.83,EE,2022-01-07 22:33:20
542,Adilcevaz,38.8039,42.7342,22.71,79,100,1.59,TR,2022-01-07 22:33:20
543,Inuvik,68.3499,-133.7218,-13.36,95,100,19.44,CA,2022-01-07 22:33:21
544,Alexandria,31.2156,29.9553,53.56,87,40,0.0,EG,2022-01-07 22:32:41
545,Faya,18.3851,42.4509,53.71,88,10,2.8,SA,2022-01-07 22:33:21
546,Perry,37.2506,-83.1999,24.13,94,83,0.29,US,2022-01-07 22:33:01
547,Khujand,40.2853,69.6279,40.28,87,100,11.18,TJ,2022-01-07 22:33:22
548,Puerto Escondido,15.85,-97.0667,85.03,65,75,8.05,MX,2022-01-07 22:33:22
549,Gayny,60.3071,54.3241,14.63,96,100,6.71,RU,2022-01-07 22:33:22
550,Ruwi,23.5996,58.5507,58.69,39,0,2.17,OM,2022-01-07 22:33:23
551,Pringsewu,-5.3582,104.9744,73.35,92,90,1.86,ID,2022-01-07 22:33:23
552,Valparaiso,-33.0393,-71.6273,70.03,66,40,5.75,CL,2022-01-07 22:33:24
553,Maceio,-9.6658,-35.7353,81.84,83,0,10.36,BR,2022-01-07 22:33:24
554,Yafran,32.0633,12.5286,41.97,54,76,14.97,LY,2022-01-07 22:30:29
555,Bayeux,-7.125,-34.9322,81.23,78,40,6.91,BR,2022-01-07 22:33:24
556,Batticaloa,7.7102,81.6924,77.52,81,66,7.49,LK,2022-01-07 22:33:25
557,Beyneu,45.3167,55.2,34.05,72,82,11.36,KZ,2022-01-07 22:33:25
558,High Level,58.5169,-117.136,-7.28,89,100,6.98,CA,2022-01-07 22:33:26
559,Westport,41.1415,-73.3579,32.81,58,20,4.0,US,2022-01-07 22:34:26
560,Mpika,-11.8343,31.4529,60.48,97,92,2.28,ZM,2022-01-07 22:34:26
561,Te Kauwhata,-37.4,175.15,80.15,23,11,2.75,NZ,2022-01-07 22:34:27
562,Namibe,-15.1961,12.1522,68.92,77,34,3.38,AO,2022-01-07 22:34:27
563,Yenagoa,4.9247,6.2642,78.93,84,11,3.76,NG,2022-01-07 22:34:27
564,San Luis,-33.295,-66.3356,83.61,29,44,13.18,AR,2022-01-07 22:31:26
565,Mount Pleasant,32.7941,-79.8626,52.0,52,0,1.99,US,2022-01-07 22:34:28
566,Cayenne,4.9333,-52.3333,80.1,76,0,5.99,GF,2022-01-07 22:30:05
567,Tacuarembo,-31.7333,-55.9833,79.21,34,0,16.46,UY,2022-01-07 22:34:29
568,Avon Park,27.5959,-81.5062,76.55,67,18,13.38,US,2022-01-07 22:34:29
569,Asau,46.4333,26.4,30.96,83,13,2.44,RO,2022-01-07 22:34:29
570,Bembereke,10.2283,2.6634,75.47,25,2,5.44,BJ,2022-01-07 22:34:30
571,Belmonte,-15.8631,-38.8828,81.1,85,100,10.42,BR,2022-01-07 22:34:30
572,Barabinsk,55.3571,78.357,16.83,94,78,15.39,RU,2022-01-07 22:34:30
573,Ilinskiy,55.619,38.1182,22.71,68,20,13.42,RU,2022-01-07 22:34:31
574,Gejiu,23.306,103.1635,43.12,94,60,4.34,CN,2022-01-07 22:34:31
575,Kulhudhuffushi,6.6221,73.07,80.65,74,4,5.68,MV,2022-01-07 22:34:32
576,Svay Rieng,11.0879,105.7993,74.7,79,3,2.84,KH,2022-01-07 22:34:32
577,Novikovo,51.1537,37.8879,16.09,90,7,9.71,RU,2022-01-07 22:34:32
578,Cururupu,-1.8283,-44.8683,76.32,91,97,3.51,BR,2022-01-07 22:34:33
579,Boende,-0.2167,20.8667,77.34,62,45,2.24,CD,2022-01-07 22:34:33
580,Brawley,32.9787,-115.5303,74.17,26,0,0.0,US,2022-01-07 22:33:16
581,La Maddalena,41.2142,9.4083,46.45,68,91,12.77,IT,2022-01-07 22:34:34
582,Stillwater,36.1156,-97.0584,41.85,61,0,3.0,US,2022-01-07 22:30:00
583,Tudora,47.5167,26.6333,28.31,72,1,6.29,RO,2022-01-07 22:34:34
584,Gravdal,68.1214,13.5031,26.1,71,29,6.06,NO,2022-01-07 22:34:34
585,Comodoro Rivadavia,-45.8667,-67.5,78.66,34,0,16.11,AR,2022-01-07 22:30:02
586,Tocopilla,-22.092,-70.1979,70.81,70,59,4.83,CL,2022-01-07 22:34:35
587,Galbshtadt,53.2264,78.9845,15.96,92,30,12.84,RU,2022-01-07 22:34:35
588,Palpa,-14.5336,-75.1856,79.48,61,68,9.51,PE,2022-01-07 22:34:35
589,Sibolga,1.7427,98.7792,75.09,89,94,4.12,ID,2022-01-07 22:34:36
590,Klyuchi,52.2667,79.1667,15.89,91,17,12.39,RU,2022-01-07 22:34:36
591,Flinders,-34.5833,150.8552,75.18,85,100,4.0,AU,2022-01-07 22:34:37
592,Namatanai,-3.6667,152.4333,82.67,71,84,4.16,PG,2022-01-07 22:34:37
